id,duration,start_date,start_station_name,start_station_id,end_date,end_station_name,end_station_id,bike_id,subscription_type,zip_code
6342,556,8/30/2013 18:49,57,8/30/2013 18:58,50,342,Subscriber,94123
7046,3743,8/31/2013 14:46,35,8/31/2013 15:48,35,100,Customer,19803
8771,1492,9/2/2013 12:21,50,9/2/2013 12:46,60,432,Customer,90066
10169,794,9/3/2013 19:20,39,9/3/2013 19:33,41,528,Customer,
11597,1680,9/5/2013 14:42,45,9/5/2013 15:10,58,259,Customer,
12909,1586,9/6/2013 19:13,75,9/6/2013 19:39,73,429,Subscriber,94133
14280,8550,9/8/2013 9:11,50,9/8/2013 11:34,50,484,Customer,20008
15572,593,9/9/2013 13:16,50,9/9/2013 13:26,62,590,Subscriber,94112
16875,649,9/10/2013 16:35,74,9/10/2013 16:46,39,486,Subscriber,94103
18208,590,9/11/2013 18:17,61,9/11/2013 18:27,50,328,Customer,
19507,397,9/12/2013 18:31,63,9/12/2013 18:37,69,586,Subscriber,94040
20843,2310,9/13/2013 19:08,48,9/13/2013 19:46,48,549,Customer,
22132,407,9/15/2013 12:22,13,9/15/2013 12:29,6,649,Customer,95112
23435,534,9/16/2013 16:15,76,9/16/2013 16:24,74,515,Customer,30080
24770,512,9/17/2013 16:20,76,9/17/2013 16:28,72,441,Customer,94025
26114,474,9/18/2013 14:40,71,9/18/2013 14:48,45,516,Customer,94116
27406,412,9/19/2013 12:59,23,9/19/2013 13:06,22,299,Subscriber,94063
28711,8385,9/20/2013 12:16,41,9/20/2013 14:36,50,481,Customer,
30080,999,9/21/2013 20:09,11,9/21/2013 20:26,6,86,Customer,94062
31468,913,9/23/2013 11:36,65,9/23/2013 11:52,51,409,Subscriber,94105
32767,636,9/24/2013 10:17,66,9/24/2013 10:28,77,426,Subscriber,94124
34046,619,9/25/2013 9:06,69,9/25/2013 9:16,62,530,Subscriber,94107
35316,975,9/25/2013 22:12,60,9/25/2013 22:29,61,522,Customer,94107
36551,755,9/26/2013 19:36,64,9/26/2013 19:49,41,634,Subscriber,94107
37795,454,9/27/2013 17:48,46,9/27/2013 17:55,56,370,Subscriber,94704
39143,684,9/29/2013 12:10,42,9/29/2013 12:22,64,398,Subscriber,94111
40474,447,9/30/2013 17:12,41,9/30/2013 17:19,46,599,Subscriber,94115
41820,1161,10/1/2013 16:33,70,10/1/2013 16:52,39,567,Subscriber,94941
43095,1398,10/2/2013 15:33,62,10/2/2013 15:56,64,435,Subscriber,94105
44362,19541,10/3/2013 13:29,39,10/3/2013 18:54,72,281,Customer,
45650,548,10/4/2013 11:43,69,10/4/2013 11:53,39,635,Subscriber,94107
46916,845,10/5/2013 13:59,76,10/5/2013 14:13,64,602,Customer,33304
48207,555,10/6/2013 21:52,74,10/6/2013 22:01,39,546,Subscriber,94103
49563,596,10/8/2013 6:29,59,10/8/2013 6:39,65,390,Subscriber,94118
50872,586,10/9/2013 4:44,70,10/9/2013 4:54,41,372,Customer,
52185,214,10/9/2013 20:39,69,10/9/2013 20:43,65,426,Subscriber,94107
53533,970,10/10/2013 18:25,74,10/10/2013 18:41,67,420,Subscriber,94103
54872,260,10/11/2013 18:04,74,10/11/2013 18:08,49,398,Subscriber,94105
56326,1385,10/13/2013 12:20,47,10/13/2013 12:43,67,560,Customer,11218
57635,756,10/14/2013 15:40,76,10/14/2013 15:53,67,273,Customer,
59017,411,10/15/2013 13:23,63,10/15/2013 13:29,39,338,Subscriber,94102
60299,445,10/16/2013 10:31,51,10/16/2013 10:39,54,363,Subscriber,94105
61581,1044,10/17/2013 8:49,69,10/17/2013 9:06,48,290,Subscriber,95110
62908,1295,10/17/2013 23:15,50,10/17/2013 23:37,62,399,Customer,84123
64242,598,10/18/2013 18:48,60,10/18/2013 18:58,74,510,Subscriber,94608
65619,394,10/20/2013 14:42,68,10/20/2013 14:48,49,412,Subscriber,94105
66974,956,10/21/2013 17:52,75,10/21/2013 18:08,66,505,Subscriber,94403
68324,644,10/22/2013 17:54,9,10/22/2013 18:05,11,209,Subscriber,95112
69612,361,10/23/2013 17:22,62,10/23/2013 17:28,76,434,Subscriber,94107
70953,342,10/24/2013 17:06,76,10/24/2013 17:12,50,450,Subscriber,94558
72276,4799,10/25/2013 16:51,60,10/25/2013 18:11,45,320,Customer,77450
73612,631,10/27/2013 14:10,39,10/27/2013 14:20,72,572,Subscriber,94127
74953,141,10/28/2013 18:39,42,10/28/2013 18:42,48,345,Subscriber,94133
76278,430,10/29/2013 18:48,70,10/29/2013 18:55,62,518,Subscriber,94949
77561,179,10/30/2013 17:44,55,10/30/2013 17:47,49,341,Subscriber,94105
78865,572,10/31/2013 16:27,49,10/31/2013 16:37,61,598,Subscriber,94105
80156,941,11/1/2013 14:40,50,11/1/2013 14:55,48,614,Customer,94549
81427,292,11/2/2013 18:53,54,11/2/2013 18:58,50,536,Subscriber,94107
82754,454,11/4/2013 13:22,39,11/4/2013 13:30,58,465,Subscriber,94122
84109,1403,11/5/2013 11:40,60,11/5/2013 12:04,46,540,Customer,
85388,681,11/6/2013 9:11,66,11/6/2013 9:23,47,410,Subscriber,94117
86759,962,11/7/2013 8:37,73,11/7/2013 8:53,67,354,Subscriber,94133
88075,15975,11/8/2013 4:55,50,11/8/2013 9:21,42,496,Customer,94121
89442,779,11/8/2013 18:02,41,11/8/2013 18:15,70,355,Subscriber,94043
90848,1122,11/10/2013 12:35,48,11/10/2013 12:54,71,621,Customer,94306
92156,495,11/11/2013 17:19,64,11/11/2013 17:28,74,551,Subscriber,94110
93438,658,11/12/2013 16:35,59,11/12/2013 16:46,55,331,Subscriber,94530
94757,1365,11/13/2013 15:15,68,11/13/2013 15:38,72,482,Customer,11215
96123,886,11/14/2013 13:32,48,11/14/2013 13:46,76,623,Subscriber,94122
97409,738,11/15/2013 12:15,64,11/15/2013 12:27,77,515,Subscriber,94605
98641,1074,11/16/2013 16:22,58,11/16/2013 16:40,56,598,Subscriber,94102
100068,321,11/18/2013 12:36,76,11/18/2013 12:41,56,596,Subscriber,94043
101345,529,11/19/2013 12:49,45,11/19/2013 12:58,55,315,Subscriber,94115
102695,484,11/21/2013 7:22,69,11/21/2013 7:30,57,558,Subscriber,94102
103994,878,11/21/2013 22:07,14,11/21/2013 22:21,16,75,Subscriber,95116
105337,356,11/22/2013 22:56,76,11/22/2013 23:02,45,357,Subscriber,94111
106674,705,11/25/2013 8:02,69,11/25/2013 8:13,51,290,Subscriber,94070
108088,412,11/26/2013 7:58,50,11/26/2013 8:05,60,391,Subscriber,94110
109378,514,11/27/2013 8:15,62,11/27/2013 8:23,46,499,Subscriber,94107
110694,428,11/29/2013 11:11,57,11/29/2013 11:19,62,434,Subscriber,94124
112072,594,12/2/2013 7:48,70,12/2/2013 7:58,77,282,Subscriber,94010
113432,481,12/3/2013 8:46,54,12/3/2013 8:54,41,444,Subscriber,94107
114779,1068,12/4/2013 9:22,75,12/4/2013 9:39,74,378,Subscriber,94105
116181,356,12/5/2013 9:36,49,12/5/2013 9:42,56,398,Subscriber,94611
117550,256,12/6/2013 11:57,54,12/6/2013 12:01,50,355,Customer,
118985,332,12/9/2013 8:01,74,12/9/2013 8:06,60,340,Subscriber,94597
120454,365,12/10/2013 9:54,73,12/10/2013 10:00,74,557,Subscriber,94133
121863,403,12/11/2013 12:19,45,12/11/2013 12:26,57,546,Subscriber,94133
123275,607,12/12/2013 14:03,51,12/12/2013 14:13,69,313,Subscriber,94538
124667,378,12/13/2013 15:00,60,12/13/2013 15:06,74,361,Subscriber,94510
126188,904,12/15/2013 14:21,61,12/15/2013 14:36,77,453,Customer,94517
127653,1365,12/16/2013 19:36,60,12/16/2013 19:59,71,605,Customer,13126
129061,528,12/17/2013 20:03,65,12/17/2013 20:12,61,428,Subscriber,94105
130441,291,12/19/2013 6:40,55,12/19/2013 6:45,61,637,Subscriber,94610
131771,209,12/20/2013 8:09,72,12/20/2013 8:12,67,502,Subscriber,94117
133104,549,12/21/2013 15:13,9,12/21/2013 15:22,4,99,Subscriber,95110
134567,371,12/23/2013 17:47,64,12/23/2013 17:53,77,260,Subscriber,94709
135990,446,12/26/2013 13:34,48,12/26/2013 13:41,55,413,Subscriber,94404
137424,474,12/28/2013 20:24,65,12/28/2013 20:32,72,276,Subscriber,94103
138839,560,12/31/2013 7:44,70,12/31/2013 7:53,77,410,Subscriber,94010
140262,243,1/2/2014 9:16,63,1/2/2014 9:21,47,470,Subscriber,94105
141712,608,1/3/2014 13:55,77,1/3/2014 14:05,70,427,Customer,94901
143169,477,1/5/2014 20:04,42,1/5/2014 20:12,46,352,Subscriber,94108
144628,240,1/7/2014 7:37,61,1/7/2014 7:41,70,380,Subscriber,94107
146001,635,1/8/2014 7:59,67,1/8/2014 8:09,75,309,Subscriber,94103
147400,672,1/9/2014 8:22,51,1/9/2014 8:33,70,619,Subscriber,94703
148826,219,1/10/2014 8:35,2,1/10/2014 8:39,4,133,Subscriber,94403
150218,17845,1/11/2014 17:38,4,1/11/2014 22:35,3,92,Customer,95126
151632,500,1/13/2014 15:46,65,1/13/2014 15:54,72,378,Subscriber,94108
152968,2152,1/14/2014 14:51,49,1/14/2014 15:27,71,526,Customer,2127
154315,260,1/15/2014 13:10,45,1/15/2014 13:15,50,313,Subscriber,94123
155660,251,1/16/2014 11:48,50,1/16/2014 11:52,45,542,Subscriber,94123
156983,421,1/17/2014 10:32,39,1/17/2014 10:39,69,549,Subscriber,94611
158364,1872,1/18/2014 16:22,54,1/18/2014 16:53,60,377,Customer,95825
159700,494,1/20/2014 18:03,5,1/20/2014 18:12,2,157,Subscriber,94117
161011,870,1/21/2014 18:34,75,1/21/2014 18:49,69,361,Subscriber,94089
162352,793,1/22/2014 18:11,64,1/22/2014 18:24,74,413,Subscriber,94131
163709,509,1/23/2014 17:00,63,1/23/2014 17:08,50,624,Subscriber,94920
165010,672,1/24/2014 16:41,60,1/24/2014 16:52,47,320,Subscriber,94133
166377,1841,1/26/2014 14:27,48,1/26/2014 14:58,64,457,Customer,94107
167730,243,1/27/2014 18:46,68,1/27/2014 18:50,70,530,Subscriber,94025
169048,594,1/28/2014 18:41,77,1/28/2014 18:50,60,382,Subscriber,94133
170516,607,1/29/2014 19:35,2,1/29/2014 19:45,16,209,Subscriber,95112
171810,432,1/30/2014 21:26,39,1/30/2014 21:33,67,361,Subscriber,94103
173114,1105,2/1/2014 12:22,70,2/1/2014 12:40,50,541,Subscriber,94158
174496,1229,2/3/2014 16:29,38,2/3/2014 16:49,35,31,Subscriber,94105
175838,292,2/4/2014 16:52,45,2/4/2014 16:57,55,575,Subscriber,94710
177158,1310,2/5/2014 17:15,28,2/5/2014 17:37,28,192,Customer,94062
178601,597,2/7/2014 16:36,9,2/7/2014 16:46,6,649,Subscriber,95112
180023,1010,2/10/2014 18:32,65,2/10/2014 18:49,46,580,Subscriber,94108
181377,232,2/11/2014 20:06,69,2/11/2014 20:10,65,482,Subscriber,94107
182744,485,2/12/2014 19:53,74,2/12/2014 20:01,49,556,Subscriber,94010
184156,173,2/13/2014 22:38,49,2/13/2014 22:41,55,479,Subscriber,94105
185515,1271,2/15/2014 8:44,39,2/15/2014 9:05,60,394,Customer,92592
186846,451,2/17/2014 13:38,61,2/17/2014 13:46,63,535,Subscriber,94105
188221,390,2/18/2014 17:30,68,2/18/2014 17:36,75,426,Customer,
189570,872,2/19/2014 17:24,75,2/19/2014 17:39,59,607,Subscriber,94102
190857,416,2/20/2014 17:36,60,2/20/2014 17:43,74,271,Subscriber,94010
192150,271,2/21/2014 17:36,2,2/21/2014 17:41,4,262,Subscriber,95110
193511,975,2/24/2014 6:51,73,2/24/2014 7:07,70,265,Subscriber,94133
194876,225,2/25/2014 6:18,50,2/25/2014 6:21,77,612,Subscriber,94930
196177,321,2/25/2014 20:05,56,2/25/2014 20:10,39,552,Subscriber,94606
197575,244,2/27/2014 16:34,70,2/27/2014 16:38,61,336,Subscriber,94610
432768,985,8/31/2014 17:06,60,8/31/2014 17:23,62,546,Customer,98257
431473,288,8/29/2014 18:05,4,8/29/2014 18:10,2,41,Subscriber,94043
430097,514,8/29/2014 7:39,72,8/29/2014 7:48,70,280,Subscriber,94103
428751,486,8/28/2014 9:32,50,8/28/2014 9:40,61,614,Subscriber,94579
427464,189,8/27/2014 16:14,65,8/27/2014 16:17,70,450,Subscriber,94111
426098,342,8/26/2014 19:43,73,8/26/2014 19:48,60,593,Subscriber,94111
424705,513,8/26/2014 9:04,70,8/26/2014 9:13,51,471,Subscriber,94070
423362,10385,8/25/2014 16:09,70,8/25/2014 19:02,64,453,Customer,84058
421955,6909,8/24/2014 12:02,58,8/24/2014 13:57,61,623,Customer,90710
420664,351,8/22/2014 16:15,68,8/22/2014 16:20,69,373,Subscriber,94401
419374,261,8/21/2014 18:38,77,8/21/2014 18:42,55,609,Subscriber,94611
418014,552,8/21/2014 8:09,70,8/21/2014 8:18,49,398,Subscriber,94070
416685,638,8/20/2014 10:46,71,8/20/2014 10:57,65,589,Subscriber,94108
415351,283,8/19/2014 16:44,76,8/19/2014 16:48,56,353,Subscriber,94133
413905,416,8/18/2014 18:16,82,8/18/2014 18:23,77,473,Subscriber,94114
412563,988,8/18/2014 7:22,70,8/18/2014 7:38,41,309,Subscriber,94402
411114,545,8/15/2014 19:01,65,8/15/2014 19:10,72,189,Subscriber,94107
409815,443,8/15/2014 7:40,62,8/15/2014 7:47,69,389,Subscriber,94105
408486,477,8/14/2014 8:56,50,8/14/2014 9:04,61,473,Subscriber,94901
407091,884,8/13/2014 12:26,66,8/13/2014 12:40,74,580,Subscriber,94703
405626,456,8/12/2014 17:14,76,8/12/2014 17:22,55,474,Subscriber,94610
404119,613,8/11/2014 20:24,61,8/11/2014 20:34,57,270,Subscriber,94103
402643,490,8/11/2014 8:10,74,8/11/2014 8:19,82,474,Subscriber,94556
401168,764,8/8/2014 22:30,8,8/8/2014 22:42,9,180,Subscriber,95112
399772,888,8/8/2014 8:09,55,8/8/2014 8:24,66,348,Subscriber,94610
398320,423,8/7/2014 9:44,73,8/7/2014 9:51,56,312,Subscriber,94133
396905,543,8/6/2014 15:09,47,8/6/2014 15:18,60,405,Subscriber,94131
395398,230,8/5/2014 17:46,48,8/5/2014 17:50,74,509,Subscriber,94102
393941,1476,8/4/2014 21:24,35,8/4/2014 21:48,31,657,Subscriber,94301
392532,318,8/4/2014 8:02,70,8/4/2014 8:07,65,538,Subscriber,94043
391009,318,8/1/2014 19:14,84,8/1/2014 19:20,6,21,Subscriber,95110
389656,571,8/1/2014 7:12,67,8/1/2014 7:21,56,470,Subscriber,94002
388257,246,7/31/2014 9:01,69,7/31/2014 9:05,65,320,Subscriber,94041
386886,962,7/30/2014 14:13,50,7/30/2014 14:29,69,212,Subscriber,94014
385451,1085,7/29/2014 17:50,70,7/29/2014 18:09,60,395,Subscriber,94133
384104,578,7/29/2014 6:33,70,7/29/2014 6:43,55,631,Subscriber,94002
382692,328,7/28/2014 9:07,42,7/28/2014 9:12,77,471,Subscriber,94104
381311,455,7/26/2014 15:20,50,7/26/2014 15:28,42,599,Customer,94112
379975,439,7/25/2014 11:19,72,7/25/2014 11:26,76,330,Customer,63104
378600,795,7/24/2014 16:07,65,7/24/2014 16:20,74,551,Subscriber,94105
377180,405,7/23/2014 18:23,48,7/23/2014 18:30,54,350,Subscriber,94105
375706,307,7/23/2014 7:50,71,7/23/2014 7:55,56,437,Subscriber,94109
374086,656,7/22/2014 10:11,54,7/22/2014 10:22,48,383,Subscriber,94111
372775,974,7/21/2014 16:23,42,7/21/2014 16:39,69,566,Subscriber,95125
371438,24522,7/20/2014 11:17,33,7/20/2014 18:06,33,304,Customer,1520
369985,723,7/18/2014 15:06,56,7/18/2014 15:18,61,519,Subscriber,94107
368731,520,7/17/2014 17:28,65,7/17/2014 17:37,66,259,Subscriber,94122
367256,400,7/16/2014 20:21,47,7/16/2014 20:28,64,593,Subscriber,94109
365866,361,7/16/2014 8:46,57,7/16/2014 8:52,70,509,Subscriber,94109
364492,388,7/15/2014 12:14,64,7/15/2014 12:21,47,489,Subscriber,94107
363042,516,7/14/2014 17:02,2,7/14/2014 17:11,3,644,Subscriber,95113
361593,181,7/13/2014 15:11,64,7/13/2014 15:14,54,410,Subscriber,94105
360179,646,7/11/2014 16:34,39,7/11/2014 16:45,45,415,Subscriber,94111
358773,610,7/10/2014 17:32,55,7/10/2014 17:43,65,413,Subscriber,94107
357374,6556,7/9/2014 20:52,64,7/9/2014 22:41,76,373,Customer,941108
356018,700,7/9/2014 8:46,70,7/9/2014 8:58,48,546,Subscriber,94404
354590,219,7/8/2014 10:42,62,7/8/2014 10:46,49,281,Subscriber,94066
353262,650,7/7/2014 16:12,71,7/7/2014 16:23,55,622,Customer,94025
351880,417,7/6/2014 10:29,73,7/6/2014 10:36,76,342,Subscriber,94133
350386,757,7/3/2014 17:43,55,7/3/2014 17:56,70,368,Subscriber,94002
349051,413,7/2/2014 18:52,41,7/2/2014 18:59,54,322,Subscriber,94107
347752,348,7/2/2014 7:48,55,7/2/2014 7:54,64,436,Subscriber,94618
346357,384,7/1/2014 8:49,55,7/1/2014 8:55,61,555,Subscriber,94706
344997,606,6/30/2014 12:00,62,6/30/2014 12:10,76,473,Subscriber,94107
343626,1227,6/28/2014 21:02,60,6/28/2014 21:22,61,356,Subscriber,94107
342287,501,6/27/2014 14:19,75,6/27/2014 14:27,48,877,Subscriber,94611
340988,534,6/26/2014 17:04,72,6/26/2014 17:13,70,595,Subscriber,94041
339636,372,6/25/2014 19:07,41,6/25/2014 19:14,55,409,Subscriber,94602
338264,794,6/25/2014 7:44,74,6/25/2014 7:57,65,376,Subscriber,94526
336900,337,6/24/2014 9:53,64,6/24/2014 9:59,70,306,Subscriber,94107
335523,695,6/23/2014 15:45,70,6/23/2014 15:56,42,560,Subscriber,94111
334154,536,6/22/2014 11:46,72,6/22/2014 11:55,69,318,Subscriber,94103
332753,224,6/20/2014 14:17,42,6/20/2014 14:21,74,287,Subscriber,94111
331444,276,6/19/2014 17:07,68,6/19/2014 17:12,69,524,Subscriber,94086
330124,609,6/18/2014 18:44,7,6/18/2014 18:54,84,648,Subscriber,5112
328810,455,6/18/2014 7:40,71,6/18/2014 7:47,56,504,Customer,2474
327407,339,6/17/2014 8:56,74,6/17/2014 9:02,60,370,Subscriber,94612
326021,2477,6/16/2014 12:35,11,6/16/2014 13:16,10,709,Subscriber,94010
324634,1336,6/14/2014 20:54,60,6/14/2014 21:16,70,566,Customer,94303
323305,144,6/13/2014 13:31,62,6/13/2014 13:33,64,427,Subscriber,94544
321929,351,6/12/2014 16:33,68,6/12/2014 16:39,69,446,Subscriber,94002
320659,1329,6/11/2014 18:04,48,6/11/2014 18:26,70,631,Subscriber,94595
319341,439,6/11/2014 6:32,57,6/11/2014 6:39,45,497,Subscriber,94103
317964,401,6/10/2014 8:38,77,6/10/2014 8:44,82,386,Subscriber,94550
316619,536,6/9/2014 12:14,61,6/9/2014 12:23,57,451,Subscriber,94115
315275,523,6/8/2014 10:13,75,6/8/2014 10:22,39,320,Customer,92646
313966,380,6/6/2014 15:37,5,6/6/2014 15:43,2,713,Subscriber,94062
312601,212,6/5/2014 17:30,41,6/5/2014 17:34,56,489,Subscriber,94105
311300,728,6/4/2014 19:08,77,6/4/2014 19:20,70,365,Subscriber,95051
309984,491,6/4/2014 8:03,69,6/4/2014 8:12,76,292,Subscriber,95124
308609,549,6/3/2014 10:13,70,6/3/2014 10:22,55,189,Subscriber,94404
307277,235,6/2/2014 16:43,4,6/2/2014 16:47,2,227,Subscriber,94403
305886,299,6/1/2014 14:58,60,6/1/2014 15:03,42,626,Subscriber,94111
304587,268,5/30/2014 16:58,64,5/30/2014 17:03,77,461,Subscriber,94606
303286,961,5/29/2014 17:58,77,5/29/2014 18:14,69,416,Subscriber,95051
302000,506,5/28/2014 22:22,41,5/28/2014 22:30,72,507,Subscriber,94103
300664,113,5/28/2014 8:40,74,5/28/2014 8:42,51,594,Subscriber,94582
299346,753,5/27/2014 11:02,70,5/27/2014 11:15,48,397,Subscriber,94404
297934,141449,5/25/2014 19:18,74,5/27/2014 10:35,77,511,Customer,95350
296632,704,5/23/2014 19:05,47,5/23/2014 19:17,66,340,Subscriber,94118
295370,348,5/22/2014 22:27,68,5/22/2014 22:33,70,336,Subscriber,94087
294036,705,5/22/2014 8:25,69,5/22/2014 8:37,47,282,Subscriber,94040
292697,690,5/21/2014 9:17,42,5/21/2014 9:29,61,549,Subscriber,94111
291306,796,5/20/2014 10:47,70,5/20/2014 11:00,75,360,Subscriber,95124
289891,15393,5/19/2014 14:35,60,5/19/2014 18:51,64,327,Customer,94107
288449,221,5/17/2014 19:58,65,5/17/2014 20:01,70,526,Subscriber,94103
287114,308,5/16/2014 13:25,47,5/16/2014 13:30,45,562,Subscriber,94111
285787,285,5/15/2014 17:05,68,5/15/2014 17:10,69,386,Subscriber,94086
284433,534,5/14/2014 18:05,74,5/14/2014 18:14,73,572,Subscriber,94133
283135,571,5/13/2014 22:08,70,5/13/2014 22:17,54,270,Subscriber,94105
281737,279,5/13/2014 8:15,2,5/13/2014 8:19,4,101,Subscriber,94103
280361,503,5/12/2014 9:21,39,5/12/2014 9:29,56,189,Subscriber,94107
279100,1713,5/10/2014 12:32,49,5/10/2014 13:01,60,292,Customer,94588
277785,738,5/9/2014 8:43,59,5/9/2014 8:56,70,572,Subscriber,94102
276481,447,5/8/2014 8:44,62,5/8/2014 8:52,41,402,Subscriber,94107
275144,626,5/7/2014 10:15,73,5/7/2014 10:26,60,289,Customer,7011
273752,383,5/6/2014 13:15,5,5/6/2014 13:21,14,206,Subscriber,95120
272381,236,5/5/2014 16:28,82,5/5/2014 16:32,75,392,Subscriber,94133
270967,326,5/4/2014 12:28,49,5/4/2014 12:34,61,520,Subscriber,94105
269604,409,5/2/2014 13:41,45,5/2/2014 13:48,60,391,Subscriber,94111
268306,594,5/1/2014 16:31,70,5/1/2014 16:41,72,549,Subscriber,94129
267028,98,4/30/2014 17:54,49,4/30/2014 17:56,54,566,Subscriber,94105
265734,416,4/29/2014 21:12,77,4/29/2014 21:19,73,515,Subscriber,94104
264403,449,4/29/2014 8:21,72,4/29/2014 8:29,77,526,Subscriber,94112
263050,275,4/28/2014 9:43,72,4/28/2014 9:48,57,572,Subscriber,94103
261687,1198,4/26/2014 11:14,70,4/26/2014 11:34,59,537,Subscriber,94109
260347,276,4/24/2014 17:04,68,4/24/2014 17:09,69,473,Subscriber,94086
259019,376,4/23/2014 17:30,61,4/23/2014 17:36,77,461,Subscriber,94303
257729,357,4/22/2014 18:06,64,4/22/2014 18:12,77,385,Subscriber,94501
256377,555,4/21/2014 18:31,67,4/21/2014 18:40,47,377,Subscriber,94133
255054,841,4/20/2014 16:52,65,4/20/2014 17:06,76,500,Subscriber,94107
253761,386,4/18/2014 16:30,6,4/18/2014 16:36,2,691,Subscriber,94110
252455,737,4/17/2014 17:03,51,4/17/2014 17:15,69,556,Subscriber,94062
251206,833,4/16/2014 18:42,60,4/16/2014 18:56,74,513,Customer,94102
249899,556,4/16/2014 7:18,61,4/16/2014 7:27,41,389,Subscriber,94107
248587,607,4/15/2014 8:45,70,4/15/2014 8:55,51,519,Subscriber,94303
247193,630,4/14/2014 9:08,65,4/14/2014 9:19,39,284,Subscriber,94107
245929,4132,4/12/2014 12:28,12,4/12/2014 13:37,12,178,Customer,92105
244632,292,4/11/2014 8:37,50,4/11/2014 8:41,60,445,Subscriber,94565
243336,1125,4/10/2014 8:36,70,4/10/2014 8:55,45,557,Subscriber,94107
241967,821,4/9/2014 9:03,70,4/9/2014 9:16,74,623,Subscriber,94158
240673,199,4/8/2014 12:28,64,4/8/2014 12:31,63,462,Subscriber,94602
239344,280,4/7/2014 16:28,50,4/7/2014 16:33,48,465,Subscriber,94107
238022,324,4/6/2014 10:39,64,4/6/2014 10:45,49,493,Subscriber,94105
236677,901,4/4/2014 14:09,65,4/4/2014 14:24,76,505,Subscriber,94117
235318,352,4/3/2014 11:44,50,4/3/2014 11:50,45,285,Subscriber,94123
233956,525,4/2/2014 12:01,74,4/2/2014 12:10,61,364,Subscriber,94549
232590,222,3/31/2014 19:07,82,3/31/2014 19:11,56,439,Subscriber,94609
231170,14293,3/30/2014 8:03,76,3/30/2014 12:02,71,583,Customer,94121
229710,254,3/28/2014 8:09,8,3/28/2014 8:13,11,196,Subscriber,95113
228376,672,3/27/2014 8:40,66,3/27/2014 8:51,77,418,Subscriber,94103
227005,646,3/25/2014 18:52,65,3/25/2014 19:03,63,260,Subscriber,94103
225655,870,3/24/2014 18:12,50,3/24/2014 18:27,70,521,Subscriber,95126
224290,14191,3/23/2014 14:21,50,3/23/2014 18:17,60,634,Customer,94086
223007,315,3/21/2014 15:52,61,3/21/2014 15:57,63,446,Subscriber,94107
221656,1174,3/20/2014 16:52,60,3/20/2014 17:11,60,585,Customer,94111
220332,416,3/19/2014 18:00,76,3/19/2014 18:07,70,511,Subscriber,94062
219009,482,3/18/2014 19:37,71,3/18/2014 19:45,63,529,Subscriber,94107
217655,556,3/18/2014 7:18,7,3/18/2014 7:27,9,126,Subscriber,95112
216253,790,3/17/2014 7:24,69,3/17/2014 7:37,39,322,Subscriber,94102
214829,1437,3/14/2014 23:54,67,3/15/2014 0:18,41,405,Subscriber,94111
213484,761,3/14/2014 6:32,70,3/14/2014 6:45,58,366,Subscriber,95125
212106,823,3/13/2014 8:27,46,3/13/2014 8:41,67,491,Subscriber,94133
210727,314,3/12/2014 8:45,51,3/12/2014 8:50,48,329,Subscriber,94107
209327,424,3/11/2014 9:20,74,3/11/2014 9:27,61,516,Subscriber,94044
207932,587,3/10/2014 10:14,69,3/10/2014 10:23,67,504,Subscriber,94041
206554,724,3/8/2014 15:52,66,3/8/2014 16:04,76,505,Subscriber,94103
205180,802,3/7/2014 9:21,55,3/7/2014 9:34,65,627,Subscriber,94611
203769,1120,3/6/2014 9:29,61,3/6/2014 9:48,68,631,Subscriber,94107
202327,493,3/5/2014 9:16,54,3/5/2014 9:24,46,480,Subscriber,94044
200924,803,3/4/2014 8:58,55,3/4/2014 9:11,67,388,Subscriber,94709
199511,929,3/2/2014 18:07,65,3/2/2014 18:23,76,566,Customer,28209
912735,344,8/31/2015 16:38,64,8/31/2015 16:44,77,567,Subscriber,94544
911400,562,8/30/2015 14:34,51,8/30/2015 14:43,64,317,Customer,77477
910095,485,8/28/2015 15:57,72,8/28/2015 16:05,55,393,Subscriber,94602
908772,453,8/27/2015 17:58,74,8/27/2015 18:06,75,410,Subscriber,94108
907541,742,8/27/2015 8:09,70,8/27/2015 8:21,67,540,Subscriber,94401
906235,1161,8/26/2015 12:11,50,8/26/2015 12:30,50,584,Subscriber,94087
904902,1369,8/25/2015 17:39,45,8/25/2015 18:02,65,322,Subscriber,94107
903623,321,8/25/2015 7:15,55,8/25/2015 7:20,77,525,Subscriber,94618
902273,200,8/24/2015 9:05,70,8/24/2015 9:08,65,611,Subscriber,94404
901062,761,8/22/2015 11:24,65,8/22/2015 11:36,68,500,Subscriber,94107
899783,313,8/21/2015 9:05,50,8/21/2015 9:11,60,589,Subscriber,94114
898474,260,8/20/2015 13:55,73,8/20/2015 13:59,82,614,Subscriber,94708
897137,531,8/19/2015 17:38,55,8/19/2015 17:47,69,548,Subscriber,94025
895823,349,8/19/2015 6:47,69,8/19/2015 6:53,62,560,Subscriber,94403
894498,688,8/18/2015 9:10,67,8/18/2015 9:22,61,423,Subscriber,94107
893192,282,8/17/2015 16:11,60,8/17/2015 16:15,74,283,Subscriber,94611
891946,3665,8/16/2015 16:16,61,8/16/2015 17:17,73,137,Customer,94025
890620,708,8/14/2015 17:05,74,8/14/2015 17:16,70,134,Subscriber,94002
889321,550,8/13/2015 19:13,51,8/13/2015 19:23,60,267,Subscriber,94102
888004,183,8/13/2015 8:34,68,8/13/2015 8:37,47,567,Subscriber,94107
886661,301,8/12/2015 12:57,39,8/12/2015 13:02,72,479,Subscriber,94158
885359,386,8/11/2015 17:37,45,8/11/2015 17:43,55,493,Subscriber,94611
884070,215,8/11/2015 7:19,65,8/11/2015 7:23,69,454,Subscriber,94044
882687,413,8/10/2015 9:00,74,8/10/2015 9:07,61,191,Subscriber,94901
881396,266,8/8/2015 11:57,61,8/8/2015 12:01,69,500,Subscriber,94107
880053,483,8/7/2015 9:15,61,8/7/2015 9:23,50,557,Subscriber,94010
878745,3995,8/6/2015 13:05,51,8/6/2015 14:11,51,475,Customer,nil
877350,4676,8/5/2015 17:21,63,8/5/2015 18:39,60,590,Customer,94105
876033,421,8/4/2015 21:53,76,8/4/2015 22:00,73,378,Subscriber,94133
874637,562,8/4/2015 8:46,45,8/4/2015 8:56,70,412,Subscriber,94108
873312,25378,8/3/2015 13:18,73,8/3/2015 20:21,47,455,Customer,47249
871988,696,8/1/2015 20:04,73,8/1/2015 20:16,51,436,Customer,95030
870717,508,7/31/2015 13:26,69,7/31/2015 13:34,57,540,Subscriber,94107
869426,479,7/30/2015 17:14,57,7/30/2015 17:22,55,400,Subscriber,94530
868092,145,7/29/2015 19:59,51,7/29/2015 20:01,54,271,Subscriber,94105
866768,251,7/29/2015 8:49,69,7/29/2015 8:53,65,379,Subscriber,94065
865462,1180,7/28/2015 15:32,66,7/28/2015 15:52,66,551,Subscriber,94134
864171,592,7/27/2015 18:09,64,7/27/2015 18:19,77,603,Subscriber,94702
862864,1765,7/27/2015 7:54,55,7/27/2015 8:23,59,514,Subscriber,94602
861583,645,7/24/2015 20:01,50,7/24/2015 20:11,71,480,Customer,8872
860274,591,7/24/2015 8:28,70,7/24/2015 8:38,74,354,Subscriber,95051
858943,684,7/23/2015 10:15,69,7/23/2015 10:27,39,687,Customer,94107
857611,240,7/22/2015 16:36,62,7/22/2015 16:40,61,624,Subscriber,94043
856287,750,7/21/2015 18:22,49,7/21/2015 18:35,72,359,Subscriber,94103
854945,726,7/21/2015 7:58,22,7/21/2015 8:10,25,704,Subscriber,95037
853671,598,7/20/2015 10:30,55,7/20/2015 10:40,76,601,Subscriber,94608
852399,548,7/18/2015 18:45,45,7/18/2015 18:54,60,313,Subscriber,94107
851127,1320,7/17/2015 12:20,68,7/17/2015 12:42,68,563,Customer,945500
849860,955,7/16/2015 17:07,42,7/16/2015 17:23,70,548,Subscriber,94087
848584,589,7/15/2015 20:40,69,7/15/2015 20:50,47,288,Customer,10022
847271,289,7/15/2015 8:50,69,7/15/2015 8:55,57,602,Subscriber,94024
845957,816,7/14/2015 12:50,58,7/14/2015 13:03,50,428,Subscriber,94941
844635,318,7/13/2015 17:42,76,7/13/2015 17:47,50,355,Subscriber,94558
843360,351,7/13/2015 6:50,69,7/13/2015 6:56,62,268,Subscriber,94403
842077,524,7/10/2015 19:13,45,7/10/2015 19:22,48,589,Subscriber,94117
840783,630,7/10/2015 8:07,69,7/10/2015 8:17,72,568,Subscriber,94062
839480,485,7/9/2015 9:13,73,7/9/2015 9:21,47,270,Subscriber,94111
838229,1123,7/8/2015 16:12,48,7/8/2015 16:31,70,587,Subscriber,94086
836928,436,7/7/2015 18:38,70,7/7/2015 18:45,54,607,Subscriber,94105
835600,561,7/7/2015 8:05,51,7/7/2015 8:15,70,687,Subscriber,94949
834317,698,7/6/2015 9:32,69,7/6/2015 9:43,55,421,Subscriber,94025
833150,32927,7/4/2015 13:09,46,7/4/2015 22:17,75,541,Customer,94806
831808,902,7/2/2015 15:14,82,7/2/2015 15:29,65,483,Subscriber,94115
830419,247,7/1/2015 17:00,31,7/1/2015 17:04,29,644,Subscriber,94040
829001,378,6/30/2015 18:16,61,6/30/2015 18:22,74,189,Subscriber,95401
827611,714,6/30/2015 7:23,70,6/30/2015 7:35,49,532,Subscriber,94404
826338,431,6/29/2015 8:53,70,6/29/2015 9:01,63,590,Subscriber,94041
824919,1557,6/27/2015 13:41,49,6/27/2015 14:07,48,347,Customer,46
823715,458,6/26/2015 11:56,62,6/26/2015 12:04,56,546,Subscriber,94066
822427,215,6/25/2015 16:39,34,6/25/2015 16:43,37,255,Subscriber,94301
821127,447,6/24/2015 19:16,33,6/24/2015 19:24,29,147,Subscriber,94040-1724
819848,193,6/24/2015 8:21,55,6/24/2015 8:24,75,566,Subscriber,94618
818575,281,6/23/2015 12:21,29,6/23/2015 12:26,31,162,Subscriber,94040
817223,651,6/22/2015 17:21,67,6/22/2015 17:32,70,454,Subscriber,94025
815871,825,6/21/2015 16:27,60,6/21/2015 16:41,45,209,Customer,75000
814639,335,6/19/2015 16:53,67,6/19/2015 16:58,39,395,Subscriber,94803
813407,464,6/18/2015 19:01,2,6/18/2015 19:09,6,78,Subscriber,95113
812129,671,6/18/2015 8:19,55,6/18/2015 8:30,65,212,Subscriber,94707
810781,1051,6/17/2015 11:21,50,6/17/2015 11:39,74,577,Subscriber,94121
809467,446,6/16/2015 17:04,60,6/16/2015 17:12,74,357,Subscriber,94110
808215,723,6/15/2015 21:25,67,6/15/2015 21:37,70,376,Subscriber,94107
806929,488,6/15/2015 8:46,50,6/15/2015 8:54,61,382,Subscriber,94534
805666,123,6/13/2015 0:56,68,6/13/2015 0:59,63,590,Subscriber,94107
804385,591,6/12/2015 8:48,70,6/12/2015 8:58,77,523,Subscriber,95134
803139,406,6/11/2015 13:43,62,6/11/2015 13:50,75,557,Subscriber,94015
801900,427,6/10/2015 17:44,61,6/10/2015 17:51,77,431,Subscriber,94706
800557,584,6/9/2015 17:33,69,6/9/2015 17:43,50,376,Subscriber,94901
799293,180,6/9/2015 6:57,49,6/9/2015 7:00,74,292,Subscriber,94105
797947,337,6/8/2015 8:47,45,6/8/2015 8:53,68,66,Subscriber,94123
796651,484,6/6/2015 10:14,50,6/6/2015 10:22,54,355,Subscriber,94107
795354,481,6/5/2015 8:50,67,6/5/2015 8:58,77,575,Subscriber,94114
794066,327,6/4/2015 13:11,8,6/4/2015 13:17,4,132,Subscriber,94070
792787,392,6/3/2015 17:47,69,6/3/2015 17:53,57,370,Subscriber,94103
791492,391,6/3/2015 7:11,55,6/3/2015 7:17,45,606,Subscriber,94611
790094,712,6/2/2015 9:29,71,6/2/2015 9:41,65,392,Subscriber,94595
788785,528,6/1/2015 16:38,77,6/1/2015 16:47,70,624,Subscriber,95051
787382,477,5/30/2015 18:52,60,5/30/2015 19:00,74,573,Subscriber,94608
786079,634,5/29/2015 13:26,61,5/29/2015 13:37,41,451,Customer,94587
784820,515,5/28/2015 17:06,68,5/28/2015 17:14,50,274,Subscriber,94590
783439,766,5/27/2015 18:42,68,5/27/2015 18:55,58,554,Subscriber,94804
782149,503,5/27/2015 7:52,69,5/27/2015 8:00,62,503,Subscriber,94002
780829,363,5/26/2015 9:03,2,5/26/2015 9:09,4,18,Subscriber,94103
779463,128,5/24/2015 0:49,67,5/24/2015 0:51,72,454,Subscriber,94107
778147,782,5/22/2015 12:15,59,5/22/2015 12:28,65,507,Subscriber,94114
776864,970,5/21/2015 16:45,67,5/21/2015 17:01,76,432,Customer,10029
775540,1000,5/20/2015 18:42,65,5/20/2015 18:59,50,525,Subscriber,94598
774238,740,5/20/2015 7:46,61,5/20/2015 7:59,48,400,Subscriber,94107
772856,778,5/19/2015 9:40,59,5/19/2015 9:53,69,386,Subscriber,94107
771531,387,5/18/2015 16:40,65,5/18/2015 16:47,72,548,Subscriber,94582
770085,1993,5/17/2015 11:39,60,5/17/2015 12:12,60,418,Customer,nil
768799,429,5/15/2015 14:45,47,5/15/2015 14:52,55,579,Subscriber,94117
767525,592,5/14/2015 17:34,74,5/14/2015 17:43,69,513,Subscriber,94403
766175,179,5/14/2015 4:56,62,5/14/2015 4:59,77,441,Subscriber,94107
764841,242,5/13/2015 8:54,77,5/13/2015 8:58,64,598,Subscriber,94607
763502,275,5/12/2015 12:54,62,5/12/2015 12:59,77,278,Subscriber,94105
762155,194,5/11/2015 17:32,69,5/11/2015 17:35,61,287,Subscriber,94158
760688,1294,5/10/2015 17:03,73,5/10/2015 17:24,39,451,Customer,11377
759379,950,5/8/2015 16:29,50,5/8/2015 16:45,48,597,Subscriber,94030
758101,924,5/7/2015 18:38,70,5/7/2015 18:53,54,100,Subscriber,94105
756781,751,5/7/2015 8:03,69,5/7/2015 8:15,42,559,Subscriber,94303
755432,774,5/6/2015 10:37,76,5/6/2015 10:50,48,504,Customer,44718
754110,297,5/5/2015 17:05,60,5/5/2015 17:10,74,397,Subscriber,94596
752785,237,5/4/2015 19:29,69,5/4/2015 19:32,65,634,Subscriber,94107
751436,384,5/4/2015 8:16,55,5/4/2015 8:23,48,512,Subscriber,94611
750055,230,5/1/2015 19:05,69,5/1/2015 19:08,65,191,Subscriber,94107
748764,400,5/1/2015 8:15,74,5/1/2015 8:21,60,513,Subscriber,94597
747477,849,4/30/2015 10:12,66,4/30/2015 10:26,75,350,Customer,94041
746136,420,4/29/2015 16:19,76,4/29/2015 16:26,55,586,Subscriber,94501
744805,236,4/28/2015 18:19,45,4/28/2015 18:23,42,459,Subscriber,94111
743499,201,4/28/2015 8:07,73,4/28/2015 8:10,41,562,Subscriber,94133
742129,641,4/27/2015 9:14,69,4/27/2015 9:25,51,568,Subscriber,94062
740765,310,4/25/2015 12:21,7,4/25/2015 12:26,13,108,Subscriber,95112
739423,337,4/24/2015 8:47,59,4/24/2015 8:53,39,508,Subscriber,94102
738145,398,4/23/2015 12:34,39,4/23/2015 12:41,67,608,Subscriber,94501
736897,1146,4/22/2015 17:31,70,4/22/2015 17:50,50,400,Subscriber,94501
735556,101,4/22/2015 4:29,73,4/22/2015 4:30,45,540,Subscriber,94133
734220,284,4/21/2015 9:03,28,4/21/2015 9:08,27,153,Subscriber,94103
732945,248,4/20/2015 15:35,55,4/20/2015 15:39,51,351,Subscriber,94002
731511,455,4/19/2015 0:26,69,4/19/2015 0:33,63,581,Subscriber,94107
730244,371,4/17/2015 14:01,72,4/17/2015 14:07,76,379,Subscriber,95035
728937,947,4/16/2015 17:44,42,4/16/2015 18:00,70,428,Subscriber,95121
727626,475,4/16/2015 6:43,70,4/16/2015 6:51,54,552,Subscriber,95008
726284,295,4/15/2015 9:14,77,4/15/2015 9:19,64,503,Subscriber,94702
724898,1018,4/14/2015 14:42,60,4/14/2015 14:59,64,472,Customer,80033
723510,258,4/13/2015 17:44,77,4/13/2015 17:49,50,394,Subscriber,94105
722190,532,4/13/2015 7:02,65,4/13/2015 7:11,62,384,Subscriber,94107
720813,921,4/10/2015 17:42,65,4/10/2015 17:57,41,475,Subscriber,94133
719501,592,4/10/2015 5:08,57,4/10/2015 5:18,74,410,Subscriber,94112
718157,263,4/9/2015 8:53,59,4/9/2015 8:57,39,336,Subscriber,94102
716846,780,4/8/2015 14:03,74,4/8/2015 14:16,70,491,Subscriber,94107
715511,146,4/7/2015 17:22,62,4/7/2015 17:25,77,335,Subscriber,94117
714125,497,4/6/2015 17:58,63,4/6/2015 18:06,69,508,Subscriber,94107
712786,1569,4/6/2015 7:02,49,4/6/2015 7:28,60,470,Subscriber,94105
711397,550,4/3/2015 16:17,68,4/3/2015 16:26,39,609,Customer,44
710085,576,4/2/2015 18:16,73,4/2/2015 18:26,55,330,Subscriber,94133
708789,450,4/2/2015 7:50,74,4/2/2015 7:58,64,287,Subscriber,94601
707449,12065,4/1/2015 9:58,48,4/1/2015 13:19,60,449,Customer,95610
706118,338,3/31/2015 16:44,68,3/31/2015 16:50,70,347,Subscriber,94041
704769,863,3/30/2015 19:05,60,3/30/2015 19:19,63,609,Subscriber,94577
703458,319,3/30/2015 8:40,77,3/30/2015 8:46,62,421,Subscriber,94117
702063,566,3/28/2015 12:20,60,3/28/2015 12:30,47,399,Subscriber,94111
700692,709,3/27/2015 9:30,49,3/27/2015 9:42,65,361,Subscriber,94105
699312,665,3/26/2015 15:25,82,3/26/2015 15:36,70,506,Subscriber,94107
697915,625,3/25/2015 18:07,49,3/25/2015 18:17,70,384,Subscriber,94002
696578,489,3/25/2015 8:08,71,3/25/2015 8:16,69,412,Subscriber,94107
695126,584,3/24/2015 10:10,71,3/24/2015 10:20,47,404,Subscriber,94107
693761,377,3/23/2015 16:34,62,3/23/2015 16:40,70,524,Subscriber,94403
692366,495,3/22/2015 9:58,61,3/22/2015 10:06,50,614,Subscriber,94107
691039,3468,3/20/2015 13:18,72,3/20/2015 14:16,67,559,Customer,1000
689682,366,3/19/2015 17:10,76,3/19/2015 17:16,55,471,Subscriber,94610
688306,245,3/18/2015 21:53,76,3/18/2015 21:57,71,528,Subscriber,94107
686950,453,3/18/2015 8:47,70,3/18/2015 8:55,63,357,Subscriber,94105
685520,137,3/17/2015 12:36,47,3/17/2015 12:38,45,629,Subscriber,94114
684087,587,3/16/2015 17:35,51,3/16/2015 17:45,69,29,Subscriber,94061
682688,608,3/15/2015 18:39,58,3/15/2015 18:50,64,189,Subscriber,94158
681346,448,3/13/2015 18:12,82,3/13/2015 18:19,77,342,Subscriber,94133
679978,970,3/13/2015 5:30,42,3/13/2015 5:46,67,353,Subscriber,94102
678602,238,3/12/2015 9:05,69,3/12/2015 9:09,65,584,Subscriber,94065
677248,919,3/11/2015 12:58,67,3/11/2015 13:13,51,597,Subscriber,94404
675785,1220,3/10/2015 16:33,39,3/10/2015 16:53,41,363,Subscriber,94102
674228,836,3/9/2015 17:50,55,3/9/2015 18:04,65,374,Subscriber,94107
672674,5045,3/8/2015 13:27,70,3/8/2015 14:51,70,432,Customer,95131
671289,699,3/6/2015 16:25,55,3/6/2015 16:36,70,515,Subscriber,94403
669939,681,3/5/2015 18:27,54,3/5/2015 18:38,48,570,Customer,94107
668435,601,3/5/2015 6:46,71,3/5/2015 6:56,70,537,Subscriber,94108
666962,306,3/4/2015 8:39,73,3/4/2015 8:44,56,386,Subscriber,94133
665530,154,3/3/2015 11:54,41,3/3/2015 11:56,50,395,Subscriber,94114
664030,241,3/2/2015 16:48,45,3/2/2015 16:52,82,352,Subscriber,94107
662555,1673,3/1/2015 12:08,47,3/1/2015 12:36,54,336,Customer,90266
661163,420,2/27/2015 12:57,45,2/27/2015 13:04,77,442,Subscriber,94704
659833,842,2/26/2015 16:34,51,2/26/2015 16:48,70,334,Subscriber,94404
658378,1122,2/25/2015 18:07,42,2/25/2015 18:26,70,85,Subscriber,94303
656924,441,2/24/2015 22:43,60,2/24/2015 22:50,77,374,Subscriber,94132
655432,767,2/24/2015 8:02,50,2/24/2015 8:15,61,300,Subscriber,94591
653981,427,2/23/2015 9:31,65,2/23/2015 9:38,72,687,Subscriber,94107
652579,428,2/21/2015 9:51,2,2/21/2015 9:59,11,249,Customer,95060
651178,562,2/20/2015 8:17,59,2/20/2015 8:26,57,590,Customer,nil
649813,536,2/19/2015 8:54,70,2/19/2015 9:03,74,285,Subscriber,94010
648528,99,2/18/2015 12:24,82,2/18/2015 12:25,42,518,Subscriber,94132
647224,213,2/17/2015 16:58,64,2/17/2015 17:02,70,266,Subscriber,94041
645820,692,2/16/2015 16:06,74,2/16/2015 16:18,61,558,Subscriber,94158
644499,2115,2/14/2015 15:03,72,2/14/2015 15:39,72,340,Customer,nil
643183,411,2/13/2015 13:18,61,2/13/2015 13:25,51,593,Subscriber,94123
641881,633,2/12/2015 17:14,77,2/12/2015 17:24,60,428,Subscriber,94132
640551,780,2/11/2015 20:11,56,2/11/2015 20:24,67,576,Subscriber,94102
639193,202,2/11/2015 8:32,30,2/11/2015 8:35,28,151,Subscriber,95051
637923,730,2/10/2015 12:10,66,2/10/2015 12:23,75,191,Subscriber,94611
636609,247,2/9/2015 17:20,63,2/9/2015 17:24,64,402,Subscriber,94103
635258,536,2/8/2015 1:19,70,2/8/2015 1:28,57,424,Subscriber,94107
634005,257,2/5/2015 20:27,69,2/5/2015 20:32,65,618,Subscriber,94107
632681,229,2/5/2015 8:14,61,2/5/2015 8:18,70,608,Subscriber,94107
631371,455,2/4/2015 11:06,41,2/4/2015 11:13,77,522,Subscriber,94107
630014,429,2/3/2015 17:04,68,2/3/2015 17:11,69,282,Subscriber,95014
628701,490,2/2/2015 20:26,59,2/2/2015 20:34,65,541,Subscriber,94587
627394,993,2/2/2015 8:25,82,2/2/2015 8:42,70,444,Subscriber,94107
626052,252,1/30/2015 18:33,82,1/30/2015 18:38,56,356,Subscriber,94609
624758,487,1/30/2015 7:27,51,1/30/2015 7:35,60,607,Customer,94549
623474,358,1/29/2015 9:05,42,1/29/2015 9:11,60,509,Subscriber,94602
622164,468,1/28/2015 13:48,39,1/28/2015 13:56,41,318,Subscriber,94602
620815,314,1/27/2015 17:40,57,1/27/2015 17:46,70,319,Subscriber,94403
619392,590,1/26/2015 20:39,39,1/26/2015 20:49,69,877,Subscriber,94107
618047,311,1/26/2015 8:17,60,1/26/2015 8:22,74,517,Subscriber,94133
616670,215,1/23/2015 18:36,74,1/23/2015 18:40,48,377,Subscriber,94941
615354,533,1/23/2015 7:11,72,1/23/2015 7:20,70,382,Customer,1
613988,665,1/22/2015 8:45,50,1/22/2015 8:56,54,100,Subscriber,94568
612661,673,1/21/2015 11:21,55,1/21/2015 11:32,71,520,Customer,94501
611242,516,1/20/2015 16:54,51,1/20/2015 17:03,70,315,Subscriber,94010
609754,571,1/19/2015 16:38,46,1/19/2015 16:47,50,265,Customer,94960
608102,338,1/17/2015 1:12,47,1/17/2015 1:18,82,466,Subscriber,94107
606627,296,1/16/2015 7:46,2,1/16/2015 7:51,4,31,Subscriber,94305
605186,306,1/15/2015 8:53,77,1/15/2015 8:58,64,515,Subscriber,94080
603860,682,1/14/2015 12:46,11,1/14/2015 12:58,3,223,Subscriber,94502
602528,204,1/13/2015 17:25,27,1/13/2015 17:28,28,242,Subscriber,94105
601169,821,1/12/2015 21:07,67,1/12/2015 21:20,42,608,Subscriber,94108
599912,436,1/12/2015 8:57,63,1/12/2015 9:05,72,531,Subscriber,94611
598608,394,1/10/2015 2:13,71,1/10/2015 2:20,64,564,Subscriber,94107
597272,487,1/9/2015 8:16,46,1/9/2015 8:24,55,71,Subscriber,94133
595946,1126,1/8/2015 9:56,57,1/8/2015 10:15,60,471,Subscriber,94103
594667,410,1/7/2015 15:53,45,1/7/2015 16:00,50,513,Subscriber,94123
593337,701,1/6/2015 17:58,55,1/6/2015 18:10,69,391,Subscriber,94030
591996,208,1/6/2015 6:19,61,1/6/2015 6:22,70,495,Subscriber,94107
590663,1476,1/5/2015 8:24,66,1/5/2015 8:49,47,610,Subscriber,94122
589320,19536,1/2/2015 10:01,39,1/2/2015 15:26,39,269,Customer,99163
587920,160,12/30/2014 9:48,74,12/30/2014 9:50,41,306,Subscriber,94596
586559,746,12/28/2014 12:18,75,12/28/2014 12:31,47,351,Customer,54751
585170,431,12/24/2014 10:48,61,12/24/2014 10:56,77,189,Subscriber,94107
583719,179,12/22/2014 19:10,63,12/22/2014 19:13,64,578,Subscriber,94107
582381,1565,12/21/2014 17:45,55,12/21/2014 18:11,76,214,Customer,50310
580972,1118,12/19/2014 6:48,50,12/19/2014 7:07,68,537,Subscriber,94590
579652,383,12/18/2014 8:10,50,12/18/2014 8:16,60,602,Subscriber,94596
578153,881,12/16/2014 19:35,64,12/16/2014 19:50,72,449,Subscriber,94103
576667,1002,12/15/2014 17:05,41,12/15/2014 17:22,70,285,Subscriber,94402
575218,240,12/13/2014 0:20,69,12/13/2014 0:24,57,401,Subscriber,94107
573799,600,12/10/2014 17:42,63,12/10/2014 17:52,70,401,Subscriber,94063
572440,338,12/10/2014 4:20,49,12/10/2014 4:26,45,594,Subscriber,94105
571155,823,12/9/2014 8:50,55,12/9/2014 9:04,65,477,Subscriber,94602
569838,130,12/8/2014 14:03,56,12/8/2014 14:05,55,582,Subscriber,94122
568464,677,12/6/2014 21:33,76,12/6/2014 21:44,67,528,Subscriber,94103
567108,390,12/5/2014 9:47,54,12/5/2014 9:53,70,277,Subscriber,94105
565729,301,12/4/2014 12:19,76,12/4/2014 12:24,45,569,Subscriber,94080
564270,280,12/3/2014 10:20,64,12/3/2014 10:25,68,137,Subscriber,94107
562790,1093,12/1/2014 17:59,56,12/1/2014 18:18,70,275,Subscriber,94043
561285,7540,11/30/2014 15:11,73,11/30/2014 17:16,49,504,Customer,95032
559665,506,11/26/2014 15:54,66,11/26/2014 16:02,39,483,Subscriber,94803
558214,283,11/25/2014 15:50,33,11/25/2014 15:55,31,53,Subscriber,94040
556786,630,11/24/2014 17:41,74,11/24/2014 17:51,70,416,Subscriber,94025
555396,653,11/23/2014 22:54,2,11/23/2014 23:05,9,103,Subscriber,95112
553953,341,11/21/2014 16:35,62,11/21/2014 16:41,70,291,Subscriber,94107
552533,572,11/20/2014 17:03,67,11/20/2014 17:13,70,191,Subscriber,94403
551161,503,11/19/2014 17:08,39,11/19/2014 17:17,74,484,Subscriber,94960
549727,569,11/18/2014 16:52,67,11/18/2014 17:02,70,378,Subscriber,94041
548265,488,11/17/2014 19:11,57,11/17/2014 19:19,67,324,Subscriber,94102
546894,960,11/17/2014 8:18,66,11/17/2014 8:34,55,493,Subscriber,94111
545487,338,11/14/2014 18:17,64,11/14/2014 18:23,69,320,Subscriber,94301
544111,290,11/14/2014 7:13,61,11/14/2014 7:18,69,339,Subscriber,94107
542647,784,11/13/2014 8:42,70,11/13/2014 8:55,74,577,Subscriber,94158
541265,490,11/12/2014 10:17,82,11/12/2014 10:25,56,405,Subscriber,94107
539894,12074,11/11/2014 16:30,50,11/11/2014 19:52,50,617,Customer,82
538405,460,11/10/2014 18:07,51,11/10/2014 18:14,70,350,Subscriber,94303
537008,1074,11/10/2014 7:17,46,11/10/2014 7:35,70,568,Subscriber,94133
535518,478,11/7/2014 20:41,65,11/7/2014 20:49,64,526,Subscriber,94107
534075,968,11/7/2014 8:34,55,11/7/2014 8:50,66,547,Subscriber,94608
532735,878,11/6/2014 12:13,50,11/6/2014 12:28,65,537,Customer,94102
531356,714,11/5/2014 17:28,69,11/5/2014 17:40,66,275,Subscriber,94115
529877,641,11/5/2014 6:46,12,11/5/2014 6:57,2,55,Subscriber,95112
528385,415,11/4/2014 8:55,55,11/4/2014 9:02,61,474,Subscriber,94608
526942,859,11/3/2014 13:53,55,11/3/2014 14:07,64,137,Subscriber,94107
525505,73,11/2/2014 10:18,46,11/2/2014 10:19,46,327,Customer,nil
524179,501,10/31/2014 11:13,57,10/31/2014 11:21,65,29,Subscriber,94110
522924,724,10/30/2014 13:15,63,10/30/2014 13:27,60,478,Subscriber,94134
521617,232,10/29/2014 18:05,65,10/29/2014 18:09,69,357,Subscriber,95054
520287,519,10/29/2014 8:08,2,10/29/2014 8:16,11,18,Subscriber,94110
518939,805,10/28/2014 12:09,45,10/28/2014 12:22,56,338,Customer,60616
517566,692,10/27/2014 17:29,70,10/27/2014 17:41,63,451,Subscriber,94306
516108,585,10/27/2014 6:22,67,10/27/2014 6:32,75,427,Subscriber,94102
514825,183,10/24/2014 19:54,51,10/24/2014 19:58,54,503,Subscriber,94107
513485,830,10/24/2014 8:55,67,10/24/2014 9:09,56,450,Subscriber,94102
512142,608,10/23/2014 13:45,66,10/23/2014 13:56,77,633,Subscriber,94117
510753,294,10/22/2014 17:40,22,10/22/2014 17:45,83,121,Subscriber,94063
509428,294,10/22/2014 6:19,50,10/22/2014 6:24,55,398,Subscriber,94960
507968,422,10/21/2014 9:19,74,10/21/2014 9:26,82,610,Subscriber,94556
506655,703,10/20/2014 15:55,39,10/20/2014 16:07,67,428,Subscriber,94107
505343,289,10/19/2014 11:31,70,10/19/2014 11:36,61,521,Subscriber,94107
504011,773,10/17/2014 16:34,41,10/17/2014 16:47,70,598,Subscriber,94025
502657,533,10/16/2014 19:23,49,10/16/2014 19:32,69,287,Subscriber,94107
501316,497,10/16/2014 8:48,84,10/16/2014 8:56,12,72,Subscriber,95112
499938,146,10/15/2014 13:50,60,10/15/2014 13:52,82,427,Subscriber,94114
498510,192,10/14/2014 17:52,4,10/14/2014 17:55,14,140,Subscriber,95113
497087,860,10/14/2014 8:06,70,10/14/2014 8:20,45,513,Subscriber,94070
495623,540,10/13/2014 9:50,50,10/13/2014 9:59,68,526,Subscriber,94903
494216,905,10/11/2014 17:35,60,10/11/2014 17:50,54,66,Subscriber,94107
492823,708,10/10/2014 14:57,55,10/10/2014 15:09,70,516,Subscriber,94404
491369,1637,10/9/2014 17:52,60,10/9/2014 18:20,59,376,Customer,85338
489917,576,10/9/2014 6:44,68,10/9/2014 6:54,65,534,Subscriber,84060
488464,451,10/8/2014 9:15,72,10/8/2014 9:23,65,549,Subscriber,94518
486927,826,10/7/2014 14:38,77,10/7/2014 14:52,69,359,Subscriber,94107
485321,642,10/6/2014 17:21,70,10/6/2014 17:32,72,329,Subscriber,94109
483707,1126,10/5/2014 14:45,38,10/5/2014 15:04,37,198,Subscriber,94301
482197,506,10/3/2014 16:32,55,10/3/2014 16:40,70,300,Subscriber,94403
480839,596,10/2/2014 18:36,67,10/2/2014 18:46,70,542,Subscriber,94043
479438,1263,10/2/2014 8:31,50,10/2/2014 8:52,68,16,Subscriber,94590
478027,701,10/1/2014 12:31,72,10/1/2014 12:42,45,473,Subscriber,94103
476594,489,9/30/2014 17:24,51,9/30/2014 17:32,69,327,Subscriber,94087
475115,670,9/29/2014 20:25,74,9/29/2014 20:36,70,539,Subscriber,94040
473675,647,9/29/2014 8:41,64,9/29/2014 8:52,77,361,Subscriber,94107
472245,1330,9/27/2014 11:20,56,9/27/2014 11:42,67,481,Customer,94109
470861,516,9/26/2014 9:37,46,9/26/2014 9:45,51,582,Subscriber,94124
469437,294,9/25/2014 14:08,45,9/25/2014 14:13,50,458,Subscriber,94123
468056,625,9/24/2014 16:56,47,9/24/2014 17:07,70,383,Subscriber,94010
466627,340,9/23/2014 18:36,67,9/23/2014 18:42,76,356,Subscriber,94133
465198,336,9/23/2014 8:10,67,9/23/2014 8:15,76,501,Subscriber,94103
463725,357,9/22/2014 10:50,45,9/22/2014 10:56,41,391,Subscriber,94596
462270,1182,9/20/2014 15:43,73,9/20/2014 16:02,50,524,Customer,85035
460887,450,9/19/2014 11:07,76,9/19/2014 11:14,64,462,Subscriber,94510
459482,8083,9/18/2014 16:14,67,9/18/2014 18:29,70,709,Subscriber,94709
458079,896,9/17/2014 17:58,74,9/17/2014 18:13,70,209,Customer,94085
456723,544,9/17/2014 7:47,70,9/17/2014 7:57,77,392,Subscriber,94010
455316,1030,9/16/2014 10:47,70,9/16/2014 11:04,45,273,Subscriber,94070
453981,601,9/15/2014 17:19,76,9/15/2014 17:29,61,317,Subscriber,94107
452618,197,9/15/2014 7:31,62,9/15/2014 7:34,49,508,Subscriber,94705
451258,1857,9/13/2014 10:01,60,9/13/2014 10:32,60,321,Customer,22299
449852,508,9/12/2014 9:45,70,9/12/2014 9:53,74,552,Subscriber,94010
448518,392,9/11/2014 14:55,75,9/11/2014 15:02,82,349,Subscriber,94609
447150,555,9/10/2014 18:17,64,9/10/2014 18:27,39,404,Subscriber,94117
445745,285,9/10/2014 7:50,61,9/10/2014 7:55,63,617,Subscriber,94107
444341,630,9/9/2014 9:55,50,9/9/2014 10:05,64,394,Subscriber,94706
442938,934,9/8/2014 16:14,61,9/8/2014 16:30,50,371,Subscriber,95014
441569,197,9/7/2014 12:03,66,9/7/2014 12:06,72,521,Subscriber,94114
440224,2928,9/5/2014 16:22,7,9/5/2014 17:10,3,645,Customer,41468
438952,192,9/4/2014 18:29,27,9/4/2014 18:32,28,239,Subscriber,94105
437593,454,9/4/2014 8:14,64,9/4/2014 8:22,75,622,Subscriber,94107
436229,548,9/3/2014 11:40,69,9/3/2014 11:49,39,320,Subscriber,94117
434812,1037,9/2/2014 17:08,60,9/2/2014 17:25,72,266,Customer,4706
433343,566,9/1/2014 16:56,73,9/1/2014 17:06,47,280,Subscriber,94133
